[
  {
    "id": "f877ec21-8be3-4f77-ba73-3af3fbe4c450",
    "data": [
      {
        "text": "Drink \u0026 Dessert",
        "userDefined": false
      }
    ],
    "isTemplate": false,
    "count": 0,
    "lang": "en",
    "updated": 0
  },
  {
    "id": "f0a3d049-58d7-4ede-81d2-026664af42be",
    "data": [
      {
        "text": "Dessert",
        "userDefined": false
      }
    ],
    "isTemplate": false,
    "count": 0,
    "lang": "en",
    "updated": 0
  },
  {
    "id": "eccb173a-4d3a-4bae-b701-abd0a3c2b98d",
    "data": [
      {
        "text": "Drink",
        "userDefined": false
      }
    ],
    "isTemplate": false,
    "count": 0,
    "lang": "en",
    "updated": 0
  }
]