[
  {
    "id": "7e73833f-866d-42d5-8a67-739c90a1d423",
    "data": [
      {
        "text": "Pepper barbeque chicken",
        "userDefined": false
      }
    ],
    "isTemplate": false,
    "count": 0,
    "lang": "en",
    "updated": 0
  },
  {
    "id": "353d95af-d82e-4548-bc2d-62aa2cc13573",
    "data": [
      {
        "text": "Soda",
        "userDefined": false
      }
    ],
    "isTemplate": false,
    "count": 0,
    "lang": "en",
    "updated": 0
  },
  {
    "id": "6ee6fbed-61ef-4e05-aa52-579623462b50",
    "data": [
      {
        "text": "Jamun",
        "userDefined": false
      }
    ],
    "isTemplate": false,
    "count": 0,
    "lang": "en",
    "updated": 0
  },
  {
    "id": "2366830c-f74a-4285-acb4-00d8032c3ed8",
    "data": [
      {
        "text": "Tomato soup",
        "userDefined": false
      }
    ],
    "isTemplate": false,
    "count": 0,
    "lang": "en",
    "updated": 0
  },
  {
    "id": "8ce96b8f-63a4-40b0-8387-611f2c547edc",
    "data": [
      {
        "text": "Paneer Tikka",
        "userDefined": false
      }
    ],
    "isTemplate": false,
    "count": 0,
    "lang": "en",
    "updated": 0
  },
  {
    "id": "1fcbf774-b636-40a9-98fd-cbb3efbf4e5f",
    "data": [
      {
        "text": "Vegetable Samosa",
        "userDefined": false
      }
    ],
    "isTemplate": false,
    "count": 0,
    "lang": "en",
    "updated": 0
  }
]